,Pdb Code
0,1PRH
1,1PTH
2,1CQE
3,1EQG
4,1EBV
5,1Q4G
6,2AYL
7,3N8V
8,7JXT
9,6Y3C
10,1CX2
11,6BL4
12,4HHS
13,2SBL
14,1YGE
15,1LNH
16,2FNQ
17,3FG4
18,1LOX
19,3O8Y
20,4NRE
21,2SQC
22,1GOS
23,1OJA
24,1O5W
25,2BXR
26,2Z5X
27,3VV9
28,1MT5
29,5B49
30,4GGM
31,4EHW
32,4QN9
33,2YOC
34,6IEJ
35,6I8W
36,6A2E
37,5KN7
38,7OJT
39,6QGS
40,6IG4
41,3HYW
42,6MO6
43,2GMH
44,6DV2
45,7KOE
46,2QCU
47,4NM9
48,4G9K
49,4G6G
50,4NWZ
51,6BFG
52,6L06
53,7CNW
54,2OLV
55,2OQO
56,3VMA
57,7LQ6
58,2XCI
59,3VMT
60,6EJI
61,6RY0
62,5W7L
63,1B12
64,1KN9
65,1T7D
66,4WVG
67,3BF0
68,3RST
69,4KWB
70,4GWM
71,4LXJ
72,1J79
73,1XGE
74,1UUM
75,2PRM
76,3I65
77,3L7I
78,2K5U
79,2KSQ
80,3FSN
81,4F3D
82,4PLA
83,7APJ
84,3JC1
85,6TZ9
86,7ZCG
87,5FD7
88,5J45
89,6H7W
90,6MLU
91,7RSL
92,6QL4
93,6Q0X
94,6XU5
95,6UP6
96,7D6D
97,6ZG5
98,7BLN
99,6XJN
100,7SC0
101,7SOX
102,6VNW
103,5UV6
104,6YRK
105,6NZD
106,6ULG
107,4Y7I
108,6TZY
109,6KOI
110,6UXM
111,6L8V
112,7OFM
113,1VSG
114,2VSG
115,5LY9
116,6ELC
117,6Z7A
118,7AHL
119,3M2L
120,3ANZ
121,6U49
122,3B07
123,4P1Y
124,1LKF
125,4P1X
126,4TW1
127,6RHV
128,6U33
129,7P8T
130,6U3Y
131,4H56
132,1PFO
133,3KWV
134,3J9C
135,6VRA
136,7KXR
137,3NSJ
138,7PAG
139,6U23
140,8A1D
141,3O44
142,1XEZ
143,4HSC
144,3C0M
145,4MKO
146,5FMW
147,6DLW
148,6H03
149,7NYC
150,6CXO
151,5GAQ
152,5IMW
153,5IMY
154,5LY6
155,6RB9
156,6KLX
157,6UWR
158,7VNN
159,6X1K
160,2POR
161,1PRN
162,1BH3
163,1H6S
164,1OSM
165,6RD3
166,1E54
167,2FGR
168,2OMF
169,1MPF
170,1OPF
171,1GFM
172,1BT9
173,1HXX
174,2ZFG
175,3FYX
176,3O0E
177,3HW9
178,3K19
179,3POU
180,4D5U
181,6WTZ
182,7NSU
183,5O78
184,3NSG
185,6ENE
186,5O77
187,2J1N
188,2XE1
189,7JZ3
190,5O79
191,5O9C
192,5FVN
193,2F1C
194,2IWV
195,2X9K
196,2JQY
197,5MWV
198,6OQH
199,5OYK
200,5ONU
201,6EHB
202,1PHO
203,2MPR
204,1MAL
205,1MPM
206,1AF6
207,1A0T
208,1UUN
209,4GEY
210,4RJW
211,2O4V
212,3VZT
213,3WI4
214,7DE8
215,4AUI
216,4FQE
217,4V3G
218,4RL8
219,2N6L
220,5LDV
221,4D64
222,5MDO
223,5O65
224,6EUS
225,6R2Q
226,2ODJ
227,3SY7
228,3SY9
229,3SYB
230,2QTK
231,3SYS
232,3SZD
233,3SZV
234,3T0S
235,3T20
236,3T24
237,3JTY
238,5DL5
239,5DL6
240,5DL7
241,5DL8
242,1EK9
243,1TQQ
244,2VDE
245,6WXH
246,7NG8
247,4MT4
248,1YC9
249,1WP1
250,3D5K
251,5AZO
252,5AZS
253,5BUN
254,3PIK
255,4K7R
256,1NQE
257,1UJW
258,2GUF
259,2GSK
260,2YSU
261,3M8B
262,2HDI
263,1BXW
264,1QJP
265,1G90
266,2GE4
267,2JMM
268,2K0L
269,1I78
270,2X55
271,2F1V
272,2MHL
273,6QWR
274,4RL9
275,4RLC
276,2X27
277,2LHF
278,1QJ8
279,1ORM
280,1Q9F
281,2M06
282,3QRA
283,2N2M
284,5VJ8
285,3DZM
286,1QD5
287,1FW2
288,1ILZ
289,1K24
290,2VDF
291,1P4T
292,2WJR
293,2ERV
294,3FID
295,1MM4
296,1THQ
297,3GP6
298,1T16
299,3DWN
300,3PGR
301,3DWO
302,6KZ3
303,3EFM
304,3BS0
305,3BRY
306,1TLY
307,1BY3
308,2FCP
309,1QFG
310,1QKC
311,1FI1
312,2GRX
313,4CU4
314,8A60
315,4EPA
316,1FEP
317,6BPN
318,1KMO
319,1PNZ
320,2D1U
321,5FOK
322,5NEC
323,5FP1
324,5FP2
325,5FR8
326,3CSL
327,3FHH
328,1XKW
329,3QLB
330,1XKH
331,2O5P
332,2IAH
333,3RBH
334,4AFK
335,4XNL
336,7ULA
337,2VQI
338,3FIP
339,3RFZ
340,4J3O
341,6E14
342,7LHI
343,3V8X
344,2YNK
345,2MLH
346,4UV3
347,4Q79
348,6LQH
349,6L7A
350,6SI7
351,4ZGV
352,6GIE
353,4AIP
354,6E4V
355,6V81
356,5M9B
357,5NC3
358,6TZK
359,4RDT
360,4MT0
361,6V0C
362,7PGE
363,1UYN
364,2GR8
365,2QOM
366,3SLJ
367,3SZE
368,4MEE
369,3AEH
370,1WXR
371,3KVN
372,3ML3
373,4E1S
374,1F02
375,4E1T
376,1CWV
377,2LME
378,4C00
379,4RAP
380,3QQ2
381,6WIL
382,6WIM
383,7O23
384,4QKY
385,3NJT
386,2X8X
387,3MC9
388,4N75
389,7P1C
390,4K3B
391,4K3C
392,2QCZ
393,3EFC
394,2V9H
395,3OG5
396,3Q6B
397,4C4V
398,6FSU
399,6QGW
400,3PRW
401,3P1L
402,3Q7M
403,2YH3
404,3Q54
405,4XGA
406,2YH6
407,2YH5
408,2LAF
409,3SNS
410,3QKY
411,2YHC
412,3Q5M
413,5WAQ
414,2KM7
415,2YH9
416,5WAM
417,3TGO
418,5EKQ
419,6AIT
420,5EFR
421,5D0O
422,5AYW
423,5LGO
424,6V05
425,6T1W
426,6SMX
427,7BNQ
428,6LYS
429,7NRI
430,7RI7
431,7TTC
432,8ADG
433,8BWC
434,2K4T
435,2JK4
436,6TIQ
437,7QI2
438,3EMN
439,4C69
440,7KUH
441,4BUM
442,5O8O
443,6JNF
444,6UCU
445,7E4H
446,7CK6
447,7CP9
448,7VD2
449,6WUH
450,4N4R
451,4Q35
452,4NHR
453,4Y25
454,5IXM
455,5IV8
456,5IVA
457,7OMM
458,5FQ8
459,6ZAZ
460,6SLJ
461,5WQ7
462,5WQ8
463,6HCG
464,7OFH
465,5TCR
466,6SCN
467,6XFJ
468,7AGX
469,7FEB
470,6F2D
471,6DUZ
472,6Q15
473,6RWK
474,8AXK
475,6S3S
476,6S3R
477,7KHW
478,7K7K
479,7QIJ
480,3JQO
481,6ODJ
482,8DOL
483,6W6M
484,6X62
485,6VE2
486,7OKN
487,7SPB
488,6N38
489,6SJL
490,8GI1
491,6H3I
492,5WC3
493,6CB8
494,6VFE
495,8ET2
496,8GTN
497,2WCD
498,6GRJ
499,7A0G
500,5KUD
501,3LIM
502,4TSY
503,2YMK
504,4O9Y
505,5LKH
506,6SUF
507,4CDB
508,6GY6
509,6NYF
510,6ODY
511,7KIY
512,6YRF
513,4P6J
514,6B87
515,6MQU
516,6TJ1
517,5G1J
518,6LEO
519,7P54
520,7RTT
521,7N0K
522,7N7P
523,7F3T
524,7F6V
525,7MYZ
526,7FH1
527,6WVD
528,7T6D
529,7WJT
530,5UW8
531,6XGY
532,6XBD
533,6ZY2
534,7CGE
535,7D06
536,7CH9
537,2J58
538,2VQG
539,5NUO
540,2MMU
541,6S1K
542,7NB6
543,7OT9
544,6WVG
545,5TCX
546,7JIC
547,6K4J
548,6VJA
549,1YGM
550,2CPB
551,1PJF
552,2KSJ
553,1MZT
554,1FDM
555,5JYN
556,1AFO
557,2KPF
558,5EH4
559,6HJR
560,6Y5G
561,5KTF
562,2MIC
563,7K7A
564,7RFP
565,7WSO
566,7XT6
567,7XQ8
568,2MFR
569,7YQ6
570,2JWA
571,2N2A
572,2KS1
573,5LV6
574,2L9U
575,2LCX
576,2K1L
577,2K9Y
578,2LZL
579,2M59
580,2KNC
581,7KN0
582,3WXV
583,5LXG
584,6KRZ
585,6YX9
586,6HG4
587,7UWJ
588,7C76
589,7C77
590,5HK1
591,7W2B
592,7M93
593,5SY1
594,2BRD
595,1AT9
596,1AP9
597,1BRR
598,1BRX
599,1R84
600,1QKP
601,1M0K
602,1KG8
603,1QHJ
604,1C3W
605,1C8R
606,3NS0
607,3T45
608,4FPD
609,4X31
610,5B35
611,5B6V
612,6G7H
613,5ZIL
614,6RQO
615,6GA1
616,7VSO
617,7Z09
618,7XJC
619,4QI1
620,5ITE
621,1E12
622,7Q38
623,3A7K
624,7ZOU
625,6K6I
626,1XIO
627,2M3G
628,1JGJ
629,1H68
630,1H2S
631,2KSY
632,3QDC
633,1UAZ
634,1VGO
635,2EI4
636,3WQJ
637,6GUX
638,6GUZ
639,3DDL
640,3AM6
641,3UG9
642,4YZI
643,7C86
644,6CSN
645,6EID
646,6CSM
647,6EDQ
648,7L1E
649,5ZIH
650,2L6X
651,7B03
652,4HYJ
653,4JQ6
654,4KLY
655,4L35
656,3X3B
657,6REX
658,6XYT
659,4XTL
660,6TK7
661,5AZD
662,6IS6
663,7U55
664,6SU3
665,6SQG
666,5G28
667,7CRJ
668,6JYE
669,7VGT
670,7O8F
671,7CJ3
672,6LM0
673,6LM1
674,7AKX
675,7BMH
676,7PL9
677,7W74
678,7E4G
679,6GYH
680,6NWD
681,6XL3
682,7SFK
683,7W9W
684,6R3Q
685,2KSD
686,2KSE
687,2KSF
688,5IJI
689,6XYN
690,6YUE
691,6JXR
692,2HAC
693,7FJD
694,2L35
695,4WOL
696,7VU5
697,3HD7
698,2KOG
699,2M8R
700,6MTI
701,6XM1
702,7BV6
703,7UDB
704,7KP4
705,7TDM
706,6OV2
707,4P79
708,3X29
709,4WIS
710,6QM9
711,6OY3
712,5NL2
713,5OYB
714,6BGI
715,7B5C
716,6E0H
717,6QPC
718,6P46
719,8B8G
720,6R7X
721,7P14
722,7DCE
723,1RHZ
724,2YXR
725,3MP7
726,3DIN
727,5EUL
728,6ITC
729,6R7L
730,2ZJS
731,5AWW
732,3JC2
733,6Z3T
734,6N3Q
735,6ND1
736,7AFT
737,7KAH
738,7KAK
739,3WO6
740,3WVF
741,6AL2
742,5Y83
743,6Y86
744,6SO5
745,5C8J
746,3AQP
747,5YHF
748,5XAM
749,2L16
750,2LZS
751,4B4A
752,4HTS
753,5V6P
754,6VJY
755,7CZB
756,6E10
757,6WQZ
758,7JLO
759,7D0I
760,6Z3W
761,6WW7
762,7ADP
763,6WB9
764,7KTX
765,6W6L
766,6LO8
767,7CGP
768,2OAR
769,3HZQ
770,4Y7K
771,2OAU
772,2VV5
773,5AJI
774,6RLD
775,6PWN
776,6UZH
777,6VYK
778,7ONL
779,6VXP
780,6LYP
781,3JAC
782,6B3R
783,6BPZ
784,5Z10
785,6LQI
786,7WLT
787,6KG7
788,6JPF
789,6MGV
790,6OCE
791,7N5D
792,5Y4O
793,7N4T
794,7USW
795,7UW5
796,1BL8
797,1K4C
798,1F6G
799,2BOB
800,2ITC
801,3EFF
802,3PJS
803,3IGA
804,3F5W
805,3HPL
806,3OR7
807,3STL
808,4MSW
809,2JK5
810,5EC1
811,5VK6
812,6NFU
813,6W0A
814,7M2H
815,7MHR
816,6BY2
817,3UKM
818,7SK0
819,6RV2
820,6WLV
821,3UM7
822,4I9W
823,4WFF
824,4RUE
825,7LJ5
826,6PIS
827,6CQ6
828,6V36
829,6W7B
830,4BW5
831,5DQQ
832,5E1J
833,5TUA
834,6E1M
835,7TDF
836,7FHK
837,6C9A
838,6NQ1
839,6V1Q
840,1ORQ
841,2A0L
842,2KYH
843,6UWM
844,7SIP
845,2A79
846,3LUT
847,7SIZ
848,2R9R
849,3LNM
850,5WIE
851,6EBK
852,7EJ1
853,7WF3
854,7PHH
855,7PQT
856,7F0J
857,7UK5
858,7W3Y
859,5K7L
860,7YID
861,8EOW
862,5VA2
863,7CN0
864,4H33
865,1LNQ
866,3LDC
867,3RBZ
868,4EI2
869,4HYO
870,4L73
871,6OLY
872,6U6D
873,6U9P
874,5TJ6
875,5TJI
876,3MT5
877,3NAF
878,6V22
879,6V5A
880,8GH9
881,3U6N
882,7PXE
883,5A6E
884,5U70
885,4HPF
886,6CNN
887,4GX0
888,7ZDZ
889,3JYC
890,3SPI
891,5KUK
892,6M86
893,1N9P
894,2QKS
895,3K6N
896,3SYO
897,4KFM
898,6XIS
899,1P7B
900,2WLJ
901,3ZRS
902,4LP8
903,6O9U
904,7N9L
905,7ADI
906,5TWV
907,6BAA
908,6PZ9
909,7TYS
910,5WUA
911,5YW8
912,6JB1
913,7W4O
914,6C3O
915,7S5T
916,2AHY
917,2Q67
918,3E86
919,3K0D
920,3OUF
921,3T1C
922,6V8Y
923,3VOU
924,3RVY
925,4EKW
926,5VB2
927,6C1E
928,6MWA
929,6MVV
930,6P6X
931,7TJ8
932,6VX3
933,4DXW
934,4F4L
935,3ZJZ
936,4CBC
937,5BZB
938,5HVX
939,6SX5
940,5X0M
941,6A90
942,6NT3
943,7DTD
944,6J8E
945,7W7F
946,5XSY
947,6AGF
948,6MBA
949,6UZ3
950,7K18
951,7FBS
952,7DTC
953,8GZ1
954,5EK0
955,6N4I
956,6J8G
957,7K48
958,7XM9
959,7WE4
960,4LTO
961,4G7V
962,3WKV
963,5OQK
964,5H35
965,5H36
966,5EGI
967,5WUC
968,5WUF
969,5WTR
970,6IYU
971,6IZ5
972,3BEH
973,6EO1
974,6I9D
975,5H3O
976,6WEJ
977,7N17
978,5V4S
979,7LFT
980,7RH9
981,7RHS
982,7O4H
983,8BX7
984,6CJQ
985,7TKT
986,7RSH
987,5U6O
988,6UQF
989,7T4X
990,7WSW
991,7NMN
992,5VMS
993,7TCP
994,6UZZ
995,6MIE
996,7XNI
997,8SIK
998,7CR3
999,7BYL
1000,7VNR
1001,5VRE
1002,6WC9
1003,7UNL
1004,8DHM
1005,6HD8
1006,6C70
1007,6V1X
1008,7CAL
1009,6XIW
1010,7CM3
1011,7SX3
1012,4MS2
1013,5KLB
1014,3JBR
1015,5GJV
1016,6JP5
1017,7JPX
1018,7UHG
1019,7MIY
1020,7VFS
1021,8IF4
1022,8EPL
1023,7XLQ
1024,6KZO
1025,4HKR
1026,6BBF
1027,6AKI
1028,7KR5
1029,6YEL
1030,4PGR
1031,6NQ7
1032,3J8H
1033,3J8E
1034,5C30
1035,6FOO
1036,7CF9
1037,7M6A
1038,7K0T
1039,6WOT
1040,7T64
1041,5GO9
1042,6JI8
1043,6JG3
1044,5C33
1045,7VML
1046,3JAV
1047,7LHE
1048,8EAR
1049,6DQJ
1050,6UQK
1051,7T3P
1052,5ID3
1053,6DT0
1054,6D7W
1055,6C5W
1056,6DNF
1057,6O58
1058,6WDN
1059,6XJV
1060,6K7Y
1061,7U9Q
1062,6PW5
1063,3J9P
1064,6PQO
1065,6V9V
1066,7JUP
1067,6CUD
1068,7DXB
1069,6G1K
1070,7B0S
1071,5Z96
1072,7E4T
1073,7WDB
1074,7X6C
1075,6UZA
1076,7DXF
1077,6CO7
1078,6DRK
1079,6PKV
1080,6MIX
1081,6PUO
1082,7VQ1
1083,7DYS
1084,5WP6
1085,6BQR
1086,6BWI
1087,6BCJ
1088,5ZX5
1089,6BPQ
1090,6NR3
1091,6O6A
1092,8E4Q
1093,8E4P
1094,5WPV
1095,7SQ8
1096,5W3S
1097,6AYE
1098,3J5P
1099,3J5Q
1100,5IRZ
1101,7LP9
1102,7L2P
1103,7RQU
1104,7LQY
1105,5AN8
1106,6BWM
1107,6OO3
1108,5HI9
1109,6BO4
1110,6U84
1111,6WKN
1112,8SLX
1113,7XEM
1114,6DVW
1115,6PVL
1116,6LGP
1117,7MIJ
1118,7RAS
1119,7UGG
1120,6MHO
1121,6OT2
1122,6UW4
1123,7XJ3
1124,6BBJ
1125,6B5V
1126,6O1N
1127,6PBF
1128,7T6J
1129,5IWK
1130,5WO6
1131,6DO7
1132,7D2K
1133,6BO8
1134,6D7S
1135,7S88
1136,7K4A
1137,8FOB
1138,5T4D
1139,5K47
1140,5MKE
1141,6A70
1142,6DU8
1143,6T9N
1144,6WB8
1145,5Z1W
1146,7D7E
1147,5VKQ
1148,5TJA
1149,7MGL
1150,6WHG
1151,2ZW3
1152,7QET
1153,6L3T
1154,5H1R
1155,6KFF
1156,6MHQ
1157,7JJP
1158,6VAM
1159,6LMV
1160,6LOM
1161,6LMT
1162,6LYG
1163,6UIV
1164,6VAK
1165,6YTK
1166,7D61
1167,6YTV
1168,3KG2
1169,4U4G
1170,4UQJ
1171,4U2P
1172,4U5B
1173,5FWX
1174,5KBS
1175,5KK2
1176,5WEK
1177,6NJL
1178,6QKZ
1179,6PEQ
1180,6XSR
1181,6RUQ
1182,7OCE
1183,7RZ4
1184,7QHB
1185,7TNJ
1186,7LEP
1187,6KSS
1188,6LU9
1189,4PE5
1190,5B3J
1191,7SAA
1192,4TLL
1193,5IOU
1194,5UOW
1195,5UN1
1196,8E92
1197,8E96
1198,8E99
1199,6E7R
1200,6WHS
1201,7TE9
1202,8G18
1203,6IRA
1204,7EU7
1205,7EOS
1206,4IO2
1207,7LVT
1208,4UQQ
1209,5KUF
1210,7F57
1211,8FWQ
1212,7KS0
1213,6JFY
1214,6KZM
1215,3BKD
1216,2RLF
1217,2KIH
1218,2L0J
1219,2LY0
1220,3LBW
1221,4QKC
1222,5JOO
1223,6BKK
1224,6MJH
1225,6NV1
1226,2KIX
1227,6PVR
1228,2LJB
1229,7K3G
1230,2M6X
1231,2QTS
1232,3HGC
1233,3S3X
1234,4FZ0
1235,4NTW
1236,5WKU
1237,6VTK
1238,7CFS
1239,7RNN
1240,7JNA
1241,7SQG
1242,8EQ4
1243,6BQN
1244,6WTH
1245,2YVX
1246,2ZY9
1247,4U9L
1248,5X9H
1249,6LBH
1250,3M71
1251,4YCR
1252,8EN9
1253,7EN0
1254,7WNQ
1255,5F1C
1256,5SVJ
1257,5YVE
1258,6AH4
1259,3H9V
1260,4DW1
1261,5XW6
1262,6U9V
1263,4RDQ
1264,5T5N
1265,6N23
1266,6VX5
1267,4WD7
1268,8D1I
1269,8D1E
1270,5SV0
1271,6TYI
1272,5TQQ
1273,6COY
1274,6QV6
1275,6G9O
1276,6NZW
1277,7P5V
1278,7M17
1279,5ZSU
1280,6DJB
1281,8DXN
1282,6M04
1283,5ZUG
1284,6M97
1285,6NF4
1286,6O84
1287,6NF6
1288,6UZY
1289,6VD7
1290,6V6D
1291,6M66
1292,6WBF
1293,6LTO
1294,6M02
1295,7DWB
1296,7F8J
1297,8A3B
1298,7XLB
1299,8F7C
1300,7JI3
1301,7EEB
1302,7LIC
1303,7LZH
1304,5A40
1305,6BQO
1306,5KBN
1307,6B24
1308,7KKR
1309,1YMG
1310,1SOR
1311,2B6O
1312,3M9I
1313,1FQY
1314,1IH5
1315,4CSK
1316,6POJ
1317,1J4N
1318,4NEF
1319,6QF5
1320,2D57
1321,2ZZ9
1322,3GD8
1323,3D9S
1324,6QZI
1325,8AMX
1326,6F7H
1327,2F2B
1328,1RC2
1329,2ABM
1330,2O9D
1331,3NK5
1332,1Z98
1333,3CLL
1334,6QIM
1335,5I32
1336,1FX8
1337,1LDF
1338,3C02
1339,2W2E
1340,3ZOJ
1341,7NL4
1342,7CJS
1343,3KCU
1344,3KLY
1345,3Q7K
1346,3TDO
1347,6VQQ
1348,3K3F
1349,4EZC
1350,3UX4
1351,3TUF
1352,3UZ0
1353,1U7G
1354,1XQF
1355,2NMR
1356,2NUU
1357,2NS1
1358,4NH2
1359,6B21
1360,2B2F
1361,3B9Y
1362,3B9W
1363,3HD6
1364,5AEX
1365,5AEZ
1366,6EU6
1367,1OED
1368,2BG9
1369,4AQ5
1370,6UWZ
1371,7SMM
1372,7QKO
1373,7Z14
1374,8ESK
1375,5KXI
1376,6CNJ
1377,6PV7
1378,6USF
1379,2VL0
1380,3RQW
1381,3ZKR
1382,4TWD
1383,6HJX
1384,6V0B
1385,6SSI
1386,3EHZ
1387,3EAM
1388,2XQA
1389,4HFI
1390,3IGQ
1391,3P50
1392,4F8H
1393,4NPP
1394,4QH5
1395,5HCJ
1396,5L4E
1397,5J0Z
1398,5V6O
1399,5NJY
1400,6HZW
1401,6ZGD
1402,8D63
1403,6V4S
1404,6FL9
1405,2M6B
1406,5CFB
1407,5TIN
1408,5VDH
1409,3JAD
1410,6UBS
1411,6PLR
1412,7M6M
1413,3RHW
1414,2MAW
1415,7KOO
1416,7EKI
1417,7RPM
1418,4COF
1419,6D6U
1420,6X3S
1421,8DD2
1422,6I53
1423,6HUG
1424,7A5V
1425,6QFA
1426,7PC0
1427,7QN5
1428,7T0Z
1429,6DW0
1430,4PIR
1431,6BE1
1432,6HIN
1433,6DG7
1434,6NP0
1435,6Y1Z
1436,6W1Y
1437,6Y5A
1438,8EIS
1439,8EIZ
1440,6XZC
1441,4XWP
1442,7NP7
1443,6SGW
1444,6UMM
1445,7B9F
1446,1F88
1447,1L9H
1448,1GZM
1449,3C9L
1450,1U19
1451,2J4Y
1452,3C9M
1453,2I37
1454,3CAP
1455,4J4Q
1456,4X1H
1457,4PXF
1458,3DQB
1459,3PXO
1460,4A4M
1461,2X72
1462,6FK6
1463,6QNO
1464,6OY9
1465,7JSN
1466,6OFJ
1467,1LN6
1468,7MT9
1469,7ZBC
1470,2Z73
1471,2ZIY
1472,3AYN
1473,4ZWJ
1474,6CMO
1475,6I9K
1476,7Y89
1477,8HS3
1478,8HMV
1479,6LI1
1480,7WZ4
1481,7XZ5
1482,7WCN
1483,7VUG
1484,7XV3
1485,7TUY
1486,4ZJ8
1487,6TO7
1488,6V9S
1489,4S0V
1490,6TPJ
1491,5WQC
1492,7L1U
1493,7SQO
1494,7XRR
1495,5O9H
1496,6C1Q
1497,7B6W
1498,6KUX
1499,7W6P
1500,6K41
1501,6KUW
1502,2VT4
1503,2Y00
1504,2YCW
1505,4AMJ
1506,4GPO
1507,6H7J
1508,6TKO
1509,7JJO
1510,7S0F
1511,7BVQ
1512,2R4R
1513,3KJ6
1514,2RH1
1515,3D4S
1516,3NY8
1517,3P0G
1518,3PDS
1519,3SN6
1520,4GBR
1521,6N48
1522,6E67
1523,6PRZ
1524,6NI3
1525,6OBA
1526,7BZ2
1527,5X7D
1528,6KR8
1529,7DH5
1530,5UEN
1531,6D9H
1532,5N2S
1533,7LD3
1534,3EML
1535,3QAK
1536,2YDO
1537,3RFM
1538,3VG9
1539,4EIY
1540,4UHR
1541,5G53
1542,5NLX
1543,6GDG
1544,6PS7
1545,6JZH
1546,7C6A
1547,5WF5
1548,5MZJ
1549,6ZDR
1550,6WQA
1551,6LPK
1552,7ARO
1553,7RM5
1554,7PX4
1555,7EZC
1556,7T32
1557,8CU6
1558,8HDO
1559,2LNL
1560,6LFO
1561,7VL8
1562,5T1A
1563,7XA3
1564,6GPS
1565,7X9Y
1566,7SK3
1567,3ODU
1568,4RWS
1569,7XBW
1570,4MBS
1571,7O7F
1572,7F1Q
1573,6WWZ
1574,6QZH
1575,5LWE
1576,4XT1
1577,5WB2
1578,7RKM
1579,5GLH
1580,6K1Q
1581,6LRY
1582,5X93
1583,7WVU
1584,7T6T
1585,7EUO
1586,6OMM
1587,6LW5
1588,7WVV
1589,7T6V
1590,7JV5
1591,7CKW
1592,7LJC
1593,7X2C
1594,7F1O
1595,6CM4
1596,6LUQ
1597,6VMS
1598,7DFP
1599,7JVR
1600,3PBL
1601,7CMU
1602,5WIU
1603,6IQL
1604,3RZE
1605,7DFL
1606,7UL3
1607,7F61
1608,3V2W
1609,7EVY
1610,7TD3
1611,7WF7
1612,7T6B
1613,7C4S
1614,7EW3
1615,7EW1
1616,7YXA
1617,5CXV
1618,6OIJ
1619,6WJC
1620,6ZFZ
1621,3UON
1622,4MQS
1623,6OIK
1624,6U1N
1625,4DAJ
1626,4U14
1627,8E9W
1628,5DSG
1629,6KP6
1630,7V6A
1631,8E9X
1632,6OL9
1633,4DJH
1634,6VI4
1635,6B73
1636,8F7W
1637,7YIT
1638,8DZP
1639,4DKL
1640,5C1M
1641,6DDE
1642,7SBF
1643,7T2G
1644,7UL4
1645,8EF5
1646,8F7Q
1647,4EJ4
1648,4N6H
1649,4RWD
1650,6PT2
1651,8F7S
1652,5TGZ
1653,6KQI
1654,5U09
1655,6N4B
1656,6KPG
1657,5XRA
1658,7FEE
1659,8GHV
1660,5ZTY
1661,6KPC
1662,6PT0
1663,8GUT
1664,4EA3
1665,5DHG
1666,8F7X
1667,4GRV
1668,4BUO
1669,4XEE
1670,5T04
1671,6YVR
1672,7L0P
1673,8FN1
1674,6OS9
1675,6PWC
1676,6UP7
1677,7UL2
1678,5ZBQ
1679,7VGX
1680,7X9A
1681,7DDZ
1682,7X9B
1683,7YON
1684,7X9C
1685,3VW7
1686,5NDD
1687,2LOU
1688,5VBL
1689,7W0L
1690,7E2X
1691,4IAR
1692,6G79
1693,7C61
1694,7E32
1695,7E33
1696,7EXD
1697,6A93
1698,6WHA
1699,7VOD
1700,7WC4
1701,7RAN
1702,7X5H
1703,4IB4
1704,4NC3
1705,5TVN
1706,6DRY
1707,7SRS
1708,6BQG
1709,8DPF
1710,7XT8
1711,7UM4
1712,7XTB
1713,7YS6
1714,7XTC
1715,6ME2
1716,6PS8
1717,7DB6
1718,7VGY
1719,6ME6
1720,7VH0
1721,4NTJ
1722,4PXZ
1723,7PP1
1724,4XNV
1725,5X33
1726,7K15
1727,7VKT
1728,6RZ4
1729,6RZ6
1730,6TPK
1731,4PHU
1732,8G59
1733,4Z34
1734,7TD0
1735,7YU3
1736,5XSZ
1737,4YAY
1738,4ZUD
1739,6DO1
1740,6OS0
1741,5UNF
1742,5XJM
1743,6JOD
1744,6D26
1745,7M8W
1746,6M9T
1747,7CX2
1748,6AK3
1749,5YWY
1750,7D7M
1751,6IIU
1752,6E59
1753,6HLL
1754,7RMG
1755,7P00
1756,5ZKP
1757,6IBB
1758,6Z10
1759,6W25
1760,7AUE
1761,7PIV
1762,7F53
1763,7F4D
1764,6KO5
1765,7F9Y
1766,7NA7
1767,7W2Z
1768,7BW0
1769,7CFM
1770,7BR3
1771,7KH0
1772,7BB6
1773,7DW9
1774,7R0C
1775,7JHJ
1776,7EZH
1777,7F8U
1778,7MBX
1779,7XOU
1780,7F8V
1781,7XOW
1782,7EIB
1783,7F2O
1784,7F6H
1785,8DWC
1786,7S8L
1787,7FIJ
1788,7VUY
1789,7T10
1790,7WIC
1791,7WJ5
1792,7XN9
1793,7XAT
1794,7UL5
1795,7Y24
1796,7YAE
1797,7XMS
1798,7WQ3
1799,7WQ4
1800,7XBD
1801,7XW5
1802,7T9I
1803,7W3Z
1804,8F76
1805,8I2G
1806,4K5Y
1807,6PB0
1808,6P9X
1809,6PB1
1810,7TRY
1811,6P9Y
1812,6LPB
1813,6M1I
1814,4L6R
1815,5EE7
1816,5NX2
1817,5XEZ
1818,6B3J
1819,5YQZ
1820,6LMK
1821,6WHC
1822,6WPW
1823,7V35
1824,5VAI
1825,5VEW
1826,6KJV
1827,6ORV
1828,6LN2
1829,7C2E
1830,6VCB
1831,6X18
1832,6XOX
1833,7KI0
1834,7LCK
1835,7DUR
1836,7RTB
1837,7LLY
1838,7S1M
1839,7FIM
1840,7X8R
1841,7S15
1842,7D68
1843,7DTY
1844,7FIY
1845,5UZ7
1846,6E3Y
1847,6NIY
1848,7KNT
1849,7TYF
1850,6NBF
1851,6FJ3
1852,7F16
1853,6UUN
1854,6UUS
1855,6WZG
1856,7D3S
1857,6VN7
1858,8E3Y
1859,7VQX
1860,7CZ5
1861,7WU2
1862,7WU3
1863,7WXU
1864,7SF8
1865,7D76
1866,7SF7
1867,7WY5
1868,4MQE
1869,6OCP
1870,7C7Q
1871,6WIV
1872,6W2Y
1873,6UO8
1874,7CA3
1875,7EB2
1876,4OR2
1877,7DGD
1878,7E9G
1879,7MTQ
1880,7EPA
1881,7WI8
1882,7E9H
1883,4OO9
1884,5CGC
1885,6N52
1886,6FFI
1887,7FD9
1888,7EPC
1889,7DTT
1890,7DD5
1891,7M3F
1892,7E6U
1893,7SIL
1894,7EWL
1895,7SHE
1896,7AD3
1897,7QB9
1898,4JKV
1899,4N4W
1900,4O9R
1901,5L7D
1902,5V57
1903,6OT0
1904,6XBL
1905,6O3C
1906,8CXO
1907,6BD4
1908,6WW2
1909,7EVW
1910,7XP4
1911,7KC4
1912,7DRT
1913,6NT5
1914,7SII
1915,8GT6
1916,7R4H
1917,6NT6
1918,6NT9
1919,1KPL
1920,1OTS
1921,2EXW
1922,4ENE
1923,3NMO
1924,4FG6
1925,4MQX
1926,6AD7
1927,6V2J
1928,3ORG
1929,3ND0
1930,6D0J
1931,7JM6
1932,7JM7
1933,7BXU
1934,7XA9
1935,6SH3
1936,6UKO
1937,6PE0
1938,7UPR
1939,7VHP
1940,7WI3
1941,4HG6
1942,7L2Z
1943,6WLB
1944,7D5K
1945,7SP6
1946,4J72
1947,5CKR
1948,6OYH
1949,5JNQ
1950,6BAR
1951,3RCE
1952,5OGL
1953,6GXC
1954,3WAJ
1955,5GMY
1956,7E9S
1957,6EZN
1958,6C26
1959,7OCI
1960,6S7O
1961,6P2R
1962,6ZQP
1963,5EKP
1964,5EZM
1965,6PL5
1966,7BVC
1967,6X0O
1968,7BVF
1969,6YV7
1970,7TPG
1971,7WJM
1972,6SNI
1973,5NBZ
1974,6RBG
1975,7NHR
1976,6H53
1977,7DRJ
1978,5AZC
1979,4Q2E
1980,5N6H
1981,5XHQ
1982,6NWR
1983,5N6M
1984,6BUG
1985,6VYI
1986,6VP0
1987,8ESM
1988,6VUM
1989,6P2J
1990,6L47
1991,7N6Q
1992,7MHY
1993,7Q1U
1994,7URA
1995,7B1K
1996,6BML
1997,6M4N
1998,7K0I
1999,5FGN
2000,6V8Q
2001,6XLP
2002,5I5H
2003,6Y7F
2004,4A2N
2005,5V7P
2006,2KDC
2007,3ZE4
2008,4UXX
2009,4PX7
2010,5OON
2011,6CB2
2012,4TQ3
2013,4OD5
2014,6M31
2015,3QNQ
2016,4RP9
2017,5ZOV
2018,5IWS
2019,6BVG
2020,6K1H
2021,7DYR
2022,7VLX
2023,2IC8
2024,3B45
2025,2O7L
2026,2NRF
2027,2IRV
2028,2XOV
2029,2XTV
2030,3TXT
2031,3UBB
2032,2GQC
2033,2LEP
2034,4HDD
2035,4QO2
2036,5F5B
2037,6PJ4
2038,2NR9
2039,3ODJ
2040,3B4R
2041,3BF0
2042,3RST
2043,4KWB
2044,5DIR
2045,6RYO
2046,4HYG
2047,3S0X
2048,4IL3
2049,4AW6
2050,6BH8
2051,4CAD
2052,4UIS
2053,5A63
2054,4UPC
2055,2N7Q
2056,6IDF
2057,6IYC
2058,6Z0G
2059,6LR4
2060,4R12
2061,7P2P
2062,6WVE
2063,7QAM
2064,7W72
2065,7WLD
2066,3KDS
2067,7TDO
2068,4WW0
2069,2BBJ
2070,2IUB
2071,2HN2
2072,4EEB
2073,3JCF
2074,4EV6
2075,5N77
2076,3CK6
2077,3NVO
2078,7CFG
2079,7M1T
2080,2H3O
2081,1WAZ
2082,2LJ2
2083,2MPN
2084,5I20
2085,6UKJ
2086,6LVF
2087,1IWG
2088,2F1M
2089,1OY6
2090,1T9T
2091,2HQC
2092,2GIF
2093,2DHH
2094,2J8S
2095,2RDD
2096,2W1B
2097,3D9B
2098,3AOB
2099,3NOC
2100,4DX5
2101,3W9H
2102,4K7Q
2103,4C48
2104,4U8V
2105,5JMN
2106,4ZIT
2107,5OO6
2108,5YIL
2109,6BAJ
2110,6Q4N
2111,6SGS
2112,6ZO5
2113,7B5P
2114,7B8R
2115,7OUK
2116,6Z12
2117,2V50
2118,1T5E
2119,1VF7
2120,3W9J
2121,6IIA
2122,6IOK
2123,6TA6
2124,4K0J
2125,3K07
2126,3NE5
2127,3OOC
2128,7KF5
2129,3B5D
2130,7JK8
2131,7SFQ
2132,7MH6
2133,6WK5
2134,3MKT
2135,4HUK
2136,5C6P
2137,3VVN
2138,6FHZ
2139,4LZ6
2140,5C6N
2141,4Z3N
2142,6IDP
2143,6Z70
2144,5T77
2145,6NC6
2146,6CC4
2147,7WAG
2148,7WAW
2149,4MT1
2150,6VKS
2151,5KHN
2152,6WU0
2153,5T0O
2154,5XJJ
2155,7DQK
2156,6DMB
2157,6OEU
2158,6E1H
2159,6RVD
2160,6N7G
2161,6RMG
2162,6MG8
2163,7K65
2164,7V6Y
2165,6TBU
2166,6XE6
2167,7E2G
2168,7RPH
2169,6AJF
2170,6OR2
2171,7C2M
2172,7K8A
2173,7NVH
2174,6VEJ
2175,7CZ9
2176,7B8P
2177,7LO7
2178,4R0C
2179,3TX3
2180,6D79
2181,6D9Z
2182,2H8A
2183,6SSS
2184,3DWW
2185,4AL0
2186,6VL4
2187,4YK5
2188,2Q7M
2189,6VGC
2190,2PNO
2191,2UUH
2192,4JCZ
2193,4QNC
2194,5UHQ
2195,4QND
2196,4RNG
2197,4X5M
2198,5CTG
2199,4QTN
2200,6IJ6
2201,6Y7V
2202,7RXC
2203,7ZK1
2204,7VQ3
2205,1PV7
2206,2CFQ
2207,2V8N
2208,2Y5Y
2209,4OAA
2210,4ZYR
2211,5GXB
2212,6C9W
2213,3O7Q
2214,4M64
2215,7L16
2216,4GBY
2217,4JA3
2218,4QIQ
2219,4LDS
2220,1PW4
2221,2GFP
2222,2XUT
2223,4TPH
2224,4UVM
2225,6JI1
2226,4APS
2227,4XNJ
2228,5OXL
2229,5MMT
2230,4IKV
2231,4Q65
2232,4W6V
2233,6EI3
2234,6EXS
2235,4J05
2236,4IU9
2237,4JR9
2238,4U4V
2239,5A2N
2240,4OH3
2241,3WDO
2242,4ZP0
2243,6VRZ
2244,6OOM
2245,6GV1
2246,6EUQ
2247,4PYP
2248,5EQI
2249,6THA
2250,4ZW9
2251,7CRZ
2252,7SPT
2253,7WSM
2254,4YB9
2255,4YBQ
2256,6RW3
2257,5AYN
2258,6W4S
2259,8DL6
2260,6VYH
2261,6H7D
2262,7AAQ
2263,6S7V
2264,6T1Z
2265,7DL9
2266,6KKI
2267,7MJS
2268,7N98
2269,7OIX
2270,8HPK
2271,3DH4
2272,2XQ2
2273,7SL8
2274,7WMV
2275,7SL9
2276,7VSI
2277,5NV9
2278,7EGL
2279,6DZW
2280,7MGW
2281,2A65
2282,2QEI
2283,3F3A
2284,2QJU
2285,3GJD
2286,3MPN
2287,3QS4
2288,3TT1
2289,3USG
2290,5JAE
2291,6XWM
2292,4MM4
2293,1XFH
2294,3KBC
2295,3V8F
2296,4P19
2297,4X2S
2298,4IZM
2299,6X17
2300,7AHK
2301,6UWF
2302,6V8G
2303,6X01
2304,7RCP
2305,6R7R
2306,6XWR
2307,6ZLH
2308,8AFA
2309,2NWL
2310,4KY0
2311,5DWY
2312,4US3
2313,5LLM
2314,7AWM
2315,7XR4
2316,7VR7
2317,6X2L
2318,8CTC
2319,6GCT
2320,6RVX
2321,6MP6
2322,7BCQ
2323,3TIJ
2324,4F35
2325,5UL7
2326,6WU3
2327,6WU1
2328,4M48
2329,4XP1
2330,4XNU
2331,6M0F
2332,6ZBV
2333,6M18
2334,6LZG
2335,6M0J
2336,7KNB
2337,6VW1
2338,7KL9
2339,7DWX
2340,7V61
2341,6CAA
2342,5SV9
2343,7UUV
2344,7SK2
2345,7WGD
2346,5OQT
2347,6YUP
2348,6IRT
2349,7DSK
2350,6JMQ
2351,8A6L
2352,7B00
2353,6LI9
2354,7CCS
2355,7P9V
2356,5M94
2357,5M87
2358,6TL2
2359,5KTE
2360,7QIA
2361,7D10
2362,7ZGO
2363,7D14
2364,7D8Z
2365,6M23
2366,6M1Y
2367,7JSK
2368,6GZ9
2369,6GS4
2370,7PMW
2371,7NQK
2372,7PMY
2373,6LYY
2374,6LZ0
2375,7YR5
2376,7BP3
2377,6E9N
2378,8SBE
2379,7TX7
2380,7XPZ
2381,6L85
2382,7ZH0
2383,5DA0
2384,6RTC
2385,7CH1
2386,7LGU
2387,7V73
2388,7S8X
2389,7SUN
2390,6KSW
2391,6OB7
2392,6XPD
2393,7Y5G
2394,5OGE
2395,6QSK
2396,6OH2
2397,5I6X
2398,6AWN
2399,6VRH
2400,7LWD
2401,5A1S
2402,6C08
2403,7KGV
2404,8CZJ
2405,8GHT
2406,7WWB
2407,7BC6
2408,7LHV
2409,2MGY
2410,4RYQ
2411,4UC1
2412,3V5U
2413,4K1C
2414,4KPP
2415,4KJS
2416,2JLN
2417,2X79
2418,3QE7
2419,5I6C
2420,4YZF
2421,1HYN
2422,7UZ3
2423,8D9N
2424,2WIT
2425,4DOJ
2426,4C7R
2427,3HFX
2428,2WSX
2429,2WSW
2430,4M8J
2431,3LRB
2432,3L1L
2433,3OB6
2434,5J4N
2435,7O82
2436,3NCY
2437,3GIA
2438,4DJK
2439,6CSE
2440,6F2G
2441,8FHT
2442,6NPH
2443,6PZT
2444,6KKR
2445,7AIP
2446,7TTI
2447,7D90
2448,7NGB
2449,7D99
2450,6UKN
2451,6S3K
2452,2QFI
2453,3H90
2454,5VRF
2455,1ZCD
2456,3FI1
2457,4AU5
2458,7S24
2459,4BWZ
2460,5BZ3
2461,4CZ8
2462,4CZB
2463,1OKC
2464,2C3E
2465,4C9G
2466,6GCI
2467,8G8W
2468,2LCK
2469,7D3U
2470,7QRU
2471,6Z3Y
2472,7P1I
2473,7DSW
2474,3ZUY
2475,4N7W
2476,6LGV
2477,6LH1
2478,7FCI
2479,7PQG
2480,7ZYI
2481,3P5N
2482,3RLB
2483,4DVE
2484,4HUQ
2485,4HZU
2486,5D7T
2487,7NNU
2488,4RFS
2489,6ZG3
2490,6FFV
2491,1L7V
2492,2QI9
2493,4FI3
2494,2HYD
2495,2ONJ
2496,2ONK
2497,3D31
2498,2NQ2
2499,3B60
2500,6BL6
2501,5TV4
2502,6BPL
2503,6UZ2
2504,7BCW
2505,8DMO
2506,7PH2
2507,3G5U
2508,4M1M
2509,4Q9H
2510,4XWK
2511,6UJN
2512,7OTG
2513,6FN1
2514,6C0V
2515,6QEX
2516,7A65
2517,7O9W
2518,4F4C
2519,3WME
2520,6A6M
2521,2R6G
2522,3FH6
2523,3PV0
2524,3RLF
2525,4JBW
2526,4KHZ
2527,3DHW
2528,7MC0
2529,3FVQ
2530,3QF4
2531,4Q4H
2532,4Q7K
2533,6QUZ
2534,4G1U
2535,7D7R
2536,7EKL
2537,7DNY
2538,7VGF
2539,7EHL
2540,4AYT
2541,7Y48
2542,6LR0
2543,7DV5
2544,4MRN
2545,6PAM
2546,4MYC
2547,7PSL
2548,7N58
2549,4PL0
2550,5OFR
2551,4YMS
2552,4RY2
2553,6V9Z
2554,7T54
2555,4TQU
2556,5C78
2557,6HRC
2558,6AN7
2559,6M96
2560,6O14
2561,7K2T
2562,8DKU
2563,6SP7
2564,7NIU
2565,7SHN
2566,7RR9
2567,7VWC
2568,7X07
2569,6JBJ
2570,7OZ1
2571,7R8C
2572,7FDV
2573,5DO7
2574,7R8A
2575,8CUB
2576,5XJY
2577,7TDT
2578,5B57
2579,5TSI
2580,5W81
2581,5UAK
2582,6MSM
2583,6O2P
2584,7SVD
2585,8EJ1
2586,8FZQ
2587,6D3R
2588,5U1D
2589,7V5D
2590,5MKK
2591,6RAF
2592,5L22
2593,5UJ9
2594,6BHU
2595,6UY0
2596,8F4B
2597,7MPE
2598,7M68
2599,5X5Y
2600,6MI7
2601,6MIT
2602,6MJP
2603,6S8N
2604,7EFO
2605,5NJ3
2606,6ETI
2607,6HCO
2608,6VXF
2609,7NEZ
2610,7OJ8
2611,8BHT
2612,5GKO
2613,5NIK
2614,5LIL
2615,5XU1
2616,5D0Y
2617,6FNP
2618,6TQF
2619,7P34
2620,6TEJ
2621,6P6I
2622,7LB8
2623,6XJI
2624,7AHC
2625,7W01
2626,7LKP
2627,7E7I
2628,7M1P
2629,7ARH
2630,7MDX
2631,7P03
2632,7M33
2633,6R81
2634,7TCG
2635,7QBA
2636,7SGR
2637,7QKS
2638,7Y9T
2639,7WKS
2640,7QP9
2641,4O6M
2642,4MND
2643,5D91
2644,4XU4
2645,6M49
2646,4QUV
2647,7C83
2648,8DJM
2649,6OHT
2650,5U73
2651,3JD8
2652,5U74
2653,6UOX
2654,6W5R
2655,8EUS
2656,6R4L
2657,6V3F
2658,7DF8
2659,7N4U
2660,4ZYO
2661,4YMK
2662,6WF2
2663,3PJZ
2664,4J9U
2665,6V4J
2666,4J7C
2667,5MRW
2668,7BH1
2669,7NNL
2670,4A01
2671,5GPJ
2672,6AFS
2673,4AV3
2674,5LZQ
2675,6IU3
2676,2BL2
2677,3AON
2678,3VR2
2679,5KNB
2680,3J0J
2681,3A5C
2682,3GQB
2683,3K5B
2684,3V6I
2685,3W3A
2686,5Y5X
2687,6QUM
2688,6LY8
2689,7VAI
2690,4DT0
2691,4DL0
2692,4RND
2693,3J9T
2694,7FDA
2695,5D80
2696,5TJ5
2697,6C6L
2698,6O7T
2699,6PE4
2700,6M0R
2701,7TAO
2702,6VQ6
2703,6XBW
2704,7KHR
2705,6WM2
2706,7UNF
2707,7U8P
2708,6YKM
2709,6YSF
2710,6YSL
2711,7CLR
2712,1BMF
2713,1COW
2714,1EFR
2715,2CK3
2716,2JDI
2717,2WSS
2718,4YXW
2719,6YY0
2720,7AJB
2721,2XND
2722,1A91
2723,5T4O
2724,6OQR
2725,5LQZ
2726,1QO1
2727,3U2F
2728,4F4S
2729,2WPD
2730,6B2Z
2731,6CP6
2732,6WTD
2733,7TJY
2734,1YCE
2735,2WGM
2736,2W5J
2737,6FKF
2738,6TQJ
2739,6VON
2740,3V3C
2741,2WIE
2742,2X2V
2743,3ZO6
2744,5HKK
2745,6F5D
2746,6F36
2747,3OAA
2748,2HLD
2749,3ZIA
2750,6Q45
2751,6N2Y
2752,7L1Q
2753,7WEM
2754,5FL7
2755,6RD4
2756,6J5J
2757,6TDU
2758,6YNY
2759,6TT7
2760,7JG5
2761,7NJK
2762,6TML
2763,7P2Y
2764,1SU4
2765,1VFP
2766,1IWO
2767,1WPG
2768,1T5S
2769,1XP5
2770,2AGV
2771,2BY4
2772,2C88
2773,2O9J
2774,3BA6
2775,2YFY
2776,4H1W
2777,3W5A
2778,4KYT
2779,4NAB
2780,2EAR
2781,3J7T
2782,4XOU
2783,5A3Q
2784,5XA7
2785,6HEF
2786,5ZMV
2787,6YAA
2788,6YSO
2789,6RB2
2790,6A69
2791,7MPA
2792,6JJU
2793,7BT2
2794,6LLE
2795,7E7S
2796,5MPM
2797,3B8E
2798,3N23
2799,4HYT
2800,4HQJ
2801,3WGU
2802,4RES
2803,7D91
2804,7WYS
2805,7QTV
2806,4EX5
2807,2ZXE
2808,3A3Y
2809,5AVQ
2810,7E1Z
2811,8D3U
2812,2JO1
2813,1ZLL
2814,2KYV
2815,2M3B
2816,3B8C
2817,7VH5
2818,3RFU
2819,4BBJ
2820,7R0I
2821,7QBZ
2822,2XZB
2823,5Y0B
2824,5YLU
2825,6JXH
2826,7W47
2827,7X20
2828,6ROH
2829,6PSY
2830,7KY9
2831,7OH4
2832,7RD6
2833,6K7G
2834,7PY4
2835,7BSP
2836,6KLN
2837,7VSG
2838,7VGI
2839,6XMP
2840,7OP8
2841,7N70
2842,7VPI
2843,7M5V
2844,6YS8
2845,6IWW
2846,1P49
2847,8EG3
2848,6U0O
2849,6YXH
2850,1YEW
2851,7EV9
2852,7S4H
2853,7S4L
2854,7S4M
2855,3CHX
2856,6LKD
2857,4O93
2858,5UNI
2859,6QTI
2860,2VPZ
2861,3HYW
2862,2GMH
2863,2QCU
2864,1Q16
2865,1SIW
2866,1Y4Z
2867,2J7A
2868,2HI7
2869,2ZUQ
2870,3E9J
2871,2K73
2872,2LTQ
2873,6WVF
2874,2N4X
2875,5VKV
2876,3KP9
2877,4NV5
2878,6WV3
2879,6WVI
2880,4GD3
2881,3USE
2882,3VR8
2883,4O6Y
2884,4P6V
2885,7ZC6
2886,6Y9B
2887,6HCY
2888,6WXR
2889,7D3F
2890,7U8G
2891,6ZMQ
2892,7F02
2893,7S9Y
2894,3M9C
2895,3RKO
2896,7NZ1
2897,7AWT
2898,7P62
2899,3M9S
2900,4HEA
2901,2FUG
2902,3I9V
2903,6Y11
2904,7XK3
2905,4UQ8
2906,5LDW
2907,5O31
2908,7QSK
2909,7R41
2910,7V2C
2911,5LNK
2912,7ZDJ
2913,6G2J
2914,6ZTQ
2915,7AK5
2916,7B93
2917,7PSA
2918,4WZ7
2919,6GCS
2920,6RFR
2921,6YJ4
2922,6Y79
2923,6CFW
2924,6KHI
2925,6L7O
2926,6Z16
2927,7Z0S
2928,6X89
2929,7A23
2930,6ZKO
2931,7ARB
2932,7ARD
2933,1FUM
2934,1L0V
2935,5VPN
2936,2BS2
2937,1KQF
2938,1NEK
2939,2ACZ
2940,2WDQ
2941,2WP9
2942,6WU6
2943,1ZOY
2944,2FBW
2945,2H88
2946,7D6X
2947,1QCR
2948,1BGY
2949,2FYU
2950,1NTM
2951,1SQX
2952,1PPJ
2953,6NHG
2954,6XVF
2955,7R3V
2956,1BCC
2957,1EZV
2958,1KB9
2959,1P84
2960,2IBZ
2961,3CX5
2962,2FYN
2963,6NHH
2964,1ZRT
2965,6F0K
2966,6BTM
2967,6LOE
2968,6KLS
2969,7RJA
2970,8AB6
2971,1VF5
2972,2D2C
2973,2E74
2974,4H13
2975,1Q90
2976,2ZT9
2977,4H44
2978,6RQF
2979,7QRM
2980,7ROW
2981,1OCC
2982,1V54
2983,3X2Q
2984,5IY5
2985,5XDQ
2986,5W97
2987,5Z84
2988,6NMP
2989,6J8M
2990,6JY3
2991,6JUW
2992,7D5X
2993,7TIH
2994,5B1A
2995,7XMA
2996,8H8R
2997,1AR1
2998,1QLE
2999,3EHB
3000,3HB3
3001,3MK7
3002,1EHK
3003,3BVD
3004,2YEV
3005,1M56
3006,2GSM
3007,1FFT
3008,6WTI
3009,7CUB
3010,7XMC
3011,5DOQ
3012,6RKO
3013,6RX4
3014,7OSE
3015,7OY2
3016,7D5I
3017,7NK2
3018,6A2J
3019,6KOB
3020,7Z10
3021,6ZDB
3022,5J4Z
3023,6QBX
3024,5GPN
3025,5GUP
3026,6ADQ
3027,6HWH
3028,7RH7
3029,6GIQ
3030,5NF8
3031,6HU9
3032,6T15
3033,6LUL
3034,6YMX
3035,8E7S
3036,7JRP
3037,6XI0
3038,7E1V
3039,7O3E
3040,7Q21
3041,7QHO
3042,7TGH
3043,7DGQ
3044,3O0R
3045,3AYF
3046,6QQ5
3047,4XYD
3048,6L3H
3049,6T6V
3050,2PPS
3051,1JB0
3052,6HUM
3053,6PGK
3054,6NBY
3055,6TJV
3056,6LU1
3057,6K61
3058,6JEO
3059,6TCL
3060,6KMW
3061,1QZV
3062,2O01
3063,2WSC
3064,4XK8
3065,6YAC
3066,6ZOO
3067,7M75
3068,7FIX
3069,7COY
3070,6RHZ
3071,6UZV
3072,7O1V
3073,7WG5
3074,6VPV
3075,7DWQ
3076,7F9O
3077,7F4V
3078,1FE1
3079,1S5L
3080,2AXT
3081,3BZ1
3082,4PBU
3083,5E7C
3084,5KAF
3085,6W1O
3086,7NHO
3087,7RF1
3088,1IZL
3089,3A0B
3090,3ARC
3091,4IL6
3092,4UB6
3093,5WS5
3094,6JLJ
3095,7CZL
3096,7D1T
3097,7EDA
3098,7COU
3099,7DXA
3100,4YUU
3101,7OUI
3102,7N8O
3103,1KZU
3104,1NKZ
3105,1LGH
3106,1RWT
3107,3PL9
3108,2BHW
3109,6A2W
3110,6ZXA
3111,7PBW
3112,3CJU
3113,5XNL
3114,7DKZ
3115,6KAF
3116,7D0J
3117,5ZGB
3118,5ZJI
3119,6IJJ
3120,6JO5
3121,7DZ7
3122,8H2U
3123,6NWA
3124,6K33
3125,6KIF
3126,6JLU
3127,6L35
3128,7KSQ
3129,4RI2
3130,1PRC
3131,2WJN
3132,4CAS
3133,5O4C
3134,7Q7P
3135,4RCR
3136,2RCR
3137,1PSS
3138,1AIJ
3139,1OGV
3140,2J8C
3141,4N7K
3142,6Z02
3143,7OD5
3144,8C3F
3145,1EYS
3146,5V8K
3147,7VZG
3148,4V8K
3149,5Y5S
3150,7C52
3151,7UEB
3152,6ET5
3153,5YQ7
3154,6Z5S
3155,7EQD
3156,7OY8
3157,7F0L
3158,7PIL
3159,7VY2
3160,7VOR
3161,7Z6Q
